chinese,pinyin,english,lesson
水,shuǐ ,water,1-1
水果,shuǐ guǒ ,fruit,2-3
水杯,shuǐ bēi ,water cup,2-19
汽水,qì shuǐ ,soda,2-24
跳水,tiào shuǐ ,dive,2-29
眼药水,yǎn yào shuǐ ,eye drops,3-2
洗发水,xǐ fā shuǐ ,shampoo,3-2
水瓶,shuǐ píng ,water bottle,3-11
咖啡,kā fēi ,coffee,1-1
咖啡馆,kā fēi guǎn ,cafe,2-21
和,hé ,and,1-1
暖和,nuǎn huó,warm,2-21
茶,chá,tea,1-1
奶茶,nǎi chá,milk tea,1-7
绿茶,lǜ chá,green tea,1-7
红茶,hóng chá ,black tea,2-20
米饭,mǐ fàn ,rice/food,1-1
爆米花,bào mǐ huā ,popcorn,2-3
玉米,yù mǐ ,corn,2-12
米,mǐ ,rice (raw),2-28
一米,yì mǐ ,one meter,2-30
饭馆,fàn guǎn ,restaurant (casual),1-6
晚饭,wǎn fàn ,dinner,2-3
做饭,zuò fàn ,cook,2-4
吃饭,chī fàn ,eat,2-4
早饭,zǎo fàn ,breakfast,2-8
午饭,wǔ fàn ,lunch,2-24
汤,tāng ,soup,1-1
热,rè ,hot,1-1
热闹,rè nào ,lively,2-2
热情,rè qíng ,enthusiastic,2-18
热狗,rè gǒu ,hot dog,3-16
这是,zhè shì ,this is,1-1
这,zhè ,this,1-7
这里,zhè lǐ ,here,1-8
这些,zhè xiē ,these,2-7
这次,zhè cì ,this time,3-1
这么,zhè me ,such,3-11
这几年,zhè jǐ nián,these past few years,3-17
是,shì ,am/is,1-2
还是,hái shì ,or (choice),1-10
是我,shì wǒ ,it’s me,2-8
我也是,wǒ yě shì ,so do I,2-29
但是,dàn shì ,but,3-18
粥,zhōu ,porridge,1-1
豆腐,dòu fu ,tofu,1-1
土豆,tǔ dòu ,potato,2-4
平时,píng shí ,usually,2-20
一路平安,yí lù píng ān ,safe travels,3-21
联系,lián xì ,contact,3-21
自行车,zì xíng chē ,bicycle,2-23
行李箱,xíng li xiāng ,suitcase,3-21
天安门,tiān ān mén ,tian an men,2-28
行李,xíng li ,luggage,1-8
流行,liú xíng ,in fashion,2-5
不行,bù xíng ,no,2-6
旅行,lǚ xíng ,travel,2-13
举行,jǔ xíng ,hold,2-17
李,lǐ ,li (name),1-9
一些,yì xiē ,some,2-3
一起,yì qǐ,together,2-5
一边,yì biān ,while,2-23
一共,yí gòng ,altogether,2-25
在一起,zài yì qǐ ,be together,3-9
大一,dà yī ,freshman,3-10
聚在一起,jù zài yì qǐ ,gather,3-12
一会儿,yí huì er ,a little while,3-13
路,lù,road,3-7
安静,ān jìng ,quiet,2-11
晚安,wǎn ān ,good night,2-23
安全,ān quán,safe,2-26
出去玩儿,chū qù wán r,go out for fun,2-6
出生,chū shēng ,born,2-13
出国,chū guó ,travel abroad,2-13
出发,chū fā ,depart,2-15
出租车,chū zū chē ,taxi,2-15
演出,yǎn chū ,performance,3-16
出来,chū lái ,come out,3-16
出口,chū kǒu ,exit,3-16
出差,chū chāi ,go on biz trip,3-21
差不多,chà bù duō ,almost,2-28
差,chà ,poor,3-4
马上,mǎ shàng ,soon,2-24
罗马,luó mǎ ,Rome,3-21
几,jǐ ,several/how many,2-4
几点,jǐ diǎn ,what time,2-15
几个,jǐ gè ,few,3-11
几月几号,jǐ yuè jǐ hào ,what date,3-21
月,yuè ,month,3-10
导演,dǎo yǎn ,director,3-22
支,zhī ,branch,2-27
支持,zhī chí ,support,3-22
姑姑,gū gu ,aunt,3-22
亲近,qīn jìn ,close (relation),3-22
叔叔,shū shu ,uncle,3-22
拍,pāi ,film/take photo,3-22
决定,jué dìng ,decide,3-22
年,nián ,year,2-13
今年,jīn nián ,this year,2-21
明年,míng nián ,next year,3-5
年轻,nián qīng ,young,3-6
去年,qù nián ,last year,3-11
年龄,nián líng ,age,3-12
哪年,nǎ nián ,which year,3-21
大学生,dà xué shēng ,university student,1-4
加拿大,jiā ná dà ,Canada,1-5
大,dà ,big,2-1
长大,zhǎng dà ,grew up,2-13
大衣,dà yī ,coat,2-21
多大,duō dà ,how big/old,2-22
大门,dà mén ,main entrance,2-26
大巴,dà bā ,bus (informal),3-1
大学,dà xué ,university,3-5
大蒜,dà suàn ,garlic,3-15
澳大利亚,ào dà lì yà ,australia,3-18
大家,dà jiā ,everyone (group),3-22
演唱会,yǎn chàng huì ,concert (pop),2-17
演员,yǎn yuán ,actor,3-6
表演,biǎo yǎn ,perform,3-16
老家,lǎo jiā,hometown,2-2
家,jiā,home,2-3
家人,jiā rén,family members,2-12
在家,zài jiā,at home,2-14
家务,jiā wù,housework,2-20
作家,zuò jiā,writer,2-23
家具,jiā jù,furniture,2-25
国家,guó jiā,country,2-29
搬家,bān jiā,relocate,3-17
经理,jīng lǐ,manager,2-18
经历,jīng lì,experience (make the ..),3-22
历史,lì shǐ,history,1-9
外面,wài mian,outside,2-11
外地,wài dì,out of town,2-14
国外,guó wài,abroad,2-17
外卖,wài mài,takeout,2-24
外婆,wài pó,grandmother (mothers),3-3
外公,wài gōng,grandfather (mothers),3-3
外国,wài guó,foreign country,3-6
课外,kè wài,extracurricular,3-10
外套,wài tào,coat/jacket,3-11
户外,hù wài,outdoor,3-11
外语,wài yǔ,foreign language,3-22
语言,yǔ yán,language,2-5
法语,fǎ yǔ,French,2-5
西班牙语,xī bān yá yǔ,Spanish,2-5
日语,rì yǔ,Japanese,2-20
意大利语,yì dà lì yǔ,Italian,2-27
葡萄牙语,pú táo yá yǔ,Portuguese,3-17
德语,dé yǔ,German,3-18
东西,dōng xi,thing,2-7
广东,guǎng dōng,Guangdong,3-15
东京,dōng jīng,Tokyo,3-22
北京,běi jīng,Beijing,2-2
北京大学,běi jīng dà xué,Peking University,2-28
附近,fù jìn,nearby,2-28
近,jìn,close/not far,2-28
最近,zuì jìn,recent,3-2
最近怎么样,zuì jìn zěn me yàng,how are things,3-17
感人,gǎn rén,emotional,3-6
感谢,gǎn xiè,thank,3-22
谢谢,xiè xie,thanks,1-7
不用谢,bú yòng xiè,no need for thanks,2-28
健身房,jiàn shēn fáng,gym,1-10
健康,jiàn kāng,healthy,2-6
前面,qián miàn,front,2-11
前,qián,before,2-13
前天,qián tiān,the day before yesterday,2-30
以前,yǐ qián,long time ago,3-5
提前,tí qián,earlier (ahead),3-7
前台,qián tái,reception,3-21
前女友,qián nǚ yǒu,ex-girlfriend,3-22
手机,shǒu jī,cellphone,1-8
洗碗机,xǐ wǎn jī,dishwasher,2-4
机场,jī chǎng,airport,2-15
飞机,fēi jī,plane,2-15
游戏机,yóu xì jī,game console,2-30
计算机,jì suàn jī,computer science,3-5
相机,xiàng jī,camera,3-11
售货机,shòu huò jī,vending machine,3-16
洗衣机,xǐ yī jī,washing machine,3-19
耳机,ěr jī,headphone,3-20
机会,jī huì,opportunity,3-22
会,huì,can / meeting,2-5
会议室,huì yì shì,meeting room,2-18
奥运会,ào yùn huì,Olympics,2-29
会员,huì yuán,member,3-4
约会对象,yuē huì duì xiàng,date,3-9
晚会,wǎn huì,evening party/gala,3-10
运动会,yùn dòng huì,sports event,3-10
音乐会,yīn yuè huì,concert (classic),3-10
为什么,wèi shén me,why,2-29
为了,wèi le,for,3-22
怎么了,zěn me le,what’s wrong,2-9
太棒了,tài bàng le,great,2-22
除了,chú le,except,3-3
别忘了,bié wàng le,don’t forget,3-11
不用了,bú yòng le,No need,3-14
好了,hǎo le,finished/ready,3-15
坏了,huài le,broken,3-20
后面,hòu miàn,behind,2-11
后天,hòu tiān,the day after tomorrow,2-14
然后,rán hòu,then,2-24
以后,yǐ hòu,future,3-2
后,hòu,after,3-3
后来,hòu lái,later/afterwards,3-22
来,lái,come,2-9
回来,huí lai,return,3-7
从来,cóng lái,never,3-11
听起来,tīng qǐ lai,sound like,3-13
账号,zhàng hào,account,2-25
号,hào,number,2-25
电话号码,diàn huà hào mǎ,phone number,3-10
收拾,shōu shi,tidy up/pack,3-19
身份证,shēn fèn zhèng,ID card,2-19
毕业证,bì yè zhèng,diploma,3-3
签证,qiān zhèng,visa,3-21
预报,yù bào,forecast,2-21
预订,yù dìng,to book,3-4
订,dìng,to book (casual),2-18
订单,dìng dān,order,2-25
没关系,méi guān xi,it's okay,3-7
关系,guān xi,relationship,3-12
站台,zhàn tái,platform,1-8
台灯,tái dēng,lamp,2-7
阳台,yáng tái,balcony,2-26
舞台,wǔ tái,stage,3-16
加入,jiā rù,join,2-14
入口,rù kǒu,entrance (formal),2-17
入住,rù zhù,check in,3-21
住在,zhù zài,live/reside,2-22
门票,mén piào,admission ticket,2-2
门,mén,door,2-21
开门,kāi mén,open door,3-7
关门,guān mén,close/closed,3-7
门口,mén kǒu,entrance/door,3-9
部门,bù mén,department,3-21
哪里,nǎ lǐ,where (std),1-8
哪些,nǎ xiē,which/what (plur.),2-17
哪,nǎ,which/what (sing.),2-18
童年,tóng nián,childhood,3-22
参加,cān jiā,participate,2-11
加油,jiā yóu,keep it up,2-14
新加坡,xīn jiā pō,Singapore,3-18
有名,yǒu míng,famous,2-2
名字,míng zi,name,2-19
名人,míng rén,celebrity,3-3
名片,míng piàn,business card,3-21
薯片,shǔ piàn,chips,2-10
照片,zhào piàn,photo,2-12
动画片,dòng huà piàn,cartoon,2-13
明信片,míng xìn piàn,postcard,3-1
完成,wán chéng,complete,2-27
成都,chéng dū,Chengdu,3-1
成绩,chéng jì,grade/score,3-8
成功,chéng gōng,successful,3-20
成立,chéng lì,establish,3-21
不客气,bú kè qi,you're welcome,1-7
客厅,kè tīng,living room,2-1
客服,kè fú,customer service,3-4
客户,kè hù,client,3-21
回,huí,return/reply,2-13
取消,qǔ xiāo,cancel,3-1
消息,xiāo xi,message,3-21
休息,xiū xi,rest,2-6
信息,xìn xī,information,3-18
同学,tóng xué,classmate,1-9
同事,tóng shì,colleague,2-18
不同,bù tóng,different,2-22
同意,tóng yì,agree,3-21
满意,mǎn yì,satisfied,2-25
意思,yì si,meaning,3-8
没意思,méi yì si,meaningless,3-13
好主意,hǎo zhǔ yi,good idea,3-13
错误,cuò wù,incorrect,3-20
英文,yīng wén,English,1-3
中文,zhōng wén,Chinese,1-3
韩文,hán wén,Korean,1-6
作文,zuò wén,essay,2-27
文学,wén xué,literature,3-10
文化,wén huà,culture,3-18
论文,lùn wén,thesis,3-18
文件,wén jiàn,document,3-20
件,jiàn,[m] clothing,2-18
邮件,yóu jiàn,email,2-27
不错,bú cuò,good/not bad,2-25
错,cuò,wrong,3-8
记得,jì de,remember,2-21
日记,rì jì,diary,2-23
笔记,bǐ jì,note,3-8
觉得,jué de,feel,3-11
日本,rì běn,Japan,1-2
生日,shēng rì,birthday,2-10
日期,rì qī,date (in calendar),3-20
星期六,xīng qī liù,Saturday,2-8
星期天,xīng qī tiān,Sunday,2-10
星期,xīng qī,week,2-14
假期,jià qī,holiday,2-17
期待,qī dài,look forward to,2-29
学期,xué qī,semester,3-8
过期,guò qī,expire,3-15
沙发,shā fā,sofa,2-1
发烧,fā shāo,fever,2-9
发现,fā xiàn,notice / uncover,2-19
头发,tóu fa,hair,3-2
发,fā,send,3-20
书店,shū diàn,bookstore,1-6
书,shū,book,1-6
书架,shū jià,bookshelf,2-7
图书馆,tú shū guǎn,library,2-11
书房,shū fáng,study,2-12
书包,shū bāo,school bag,2-19
书法,shū fǎ,calligraphy,3-10
秘书,mì shū,secretary,3-20
请问,qǐng wèn,excuse me,2-11
没问题,méi wèn tí,No problem,2-24
问题,wèn tí,question/problem,2-27
问,wèn,ask,2-27
有问题,yǒu wèn tí,have a problem,3-4
题目,tí mù,topic,2-27
主题曲,zhǔ tí qǔ,theme song,3-6
报纸,bào zhǐ,newspaper,2-8
纸,zhǐ,paper,3-20
打,dǎ,beat/pack,1-10
打扫,dǎ sǎo,cleaning,2-7
打开,dǎ kāi,turn on,2-29
打印,dǎ yìn,print,3-20
休假,xiū jiǎ,take a vacation,3-20
假,jiǎ,leave/vacation,2-9
暑假,shǔ jià,summer vacation,3-10
一样,yí yàng,same as,3-12
项链,xiàng liàn,necklace,2-10
项目,xiàng mù,project,3-20
节目,jié mù,program,2-12
准备,zhǔn bèi,prepare,2-10
准时,zhǔn shí,on time,3-20
小时候,xiǎo shí hou,when I was young,2-13
有时候,yǒu shí hou,sometimes,2-23
时间,shí jiān,time,2-24
时尚,shí shàng,fashionable,2-25
什么时候,shén me shí hou,when,2-27
当时,dāng shí,at that time,2-30
解决,jiě jué,resolve,3-4
报告,bào gào,report,3-20
告诉,gào su,tell (telling/inform),2-10
第一次,dì yí cì,first time,3-23
人民币,rén mín bì,renminbi,3-23
银行,yín háng,bank,3-23
倒霉,dǎo méi,unlucky,3-23
注意安全,zhù yì ān quán,stay safe,3-23
西红柿,xī hóng shì,tomato,2-4
西瓜,xī guā,watermelon,2-12
西班牙,xī bān yá,Spain,2-29
巴西,bā xī,Brazil,3-17
西安,xī ān,Xi'an,3-23
下一,xià yī,next,3-23
下次,xià cì,next time,3-9
次,cì,[m] time,3-22
迷路,mí lù,getting lost,3-23
路口,lù kǒu,intersection,3-23
本,běn,[m] books,2-19
本地人,běn dì rén,local person,3-23
东,dōng,east,3-23
游,yóu,rel. to movement,1-10
游泳,yóu yǒng,swim,1-10
游戏,yóu xì,game,2-6
游泳池,yóu yǒng chí,swimming pool,2-11
桌游,zhuō yóu,board game,2-13
游乐场,yóu lè chǎng,amusement park,3-7
游客,yóu kè,tourist,3-23
换,huàn,exchange,2-24
抽屉,chōu ti,drawer,3-19
挂,guà,hang,3-19
花盆,huā pén,flowerpot,3-19
下车,xià chē,get off,3-19
地下室,dì xià shì,basement,3-19
楼下,lóu xià,downstairs,3-19
火车站,huǒ chē zhàn,train station,1-8
车票,chē piào,train/bus ticket,1-8
火车,huǒ chē,train,1-8
公交车,gōng jiāo chē,bus,2-3
停车场,tíng chē chǎng,parking lot,2-11
车,chē,car,2-16
停车,tíng chē,park a car,2-17
停,tíng,to park (car),3-19
上网,shàng wǎng,access the internet,2-8
早上,zǎo shang,morning,2-9
晚上,wǎn shang,evening,2-11
上海,shàng hǎi,Shanghai,2-13
上午,shàng wǔ,late morning,2-15
网上,wǎng shàng,online,2-17
早上好,zǎo shang hǎo,good morning,2-18
上,shàng,on/up,2-26
上衣,shàng yī,upper garment,2-30
上楼,shàng lóu,go upstairs,3-19
教学楼,jiào xué lóu,school building,2-11
楼梯,lóu tī,stairs,3-16
申请,shēn qǐng,apply,3-18
亚洲,yà zhōu,Asian,3-18
虽然,suī rán,although,3-18
学费,xué fèi,tuition,3-18
免费,miǎn fèi,free,3-23
它,tā,it,3-18
查,chá,look up,3-18
烦,fán,annoying,3-18
请,qǐng,please,2-9
邀请,yāo qǐng,invite,2-10
请进,qǐng jìn,please come in,2-12
欧洲,ōu zhōu,Europe,3-5
工程师,gōng chéng shī,engineer,3-12
工程,gōng chéng,engineering,3-18
少,shǎo,less/few,2-9
多少钱,duō shǎo qián,how much money,2-25
多少,duō shao,how much,3-4
租,zū,to rent,2-26
租金,zū jīn,the rent,3-18
现金,xiàn jīn,cash,3-1
奖学金,jiǎng xué jīn,scholarship,3-18
当然,dāng rán,of course,2-26
新,xīn,new,1-9
新鲜,xīn xiān,fresh,2-12
新闻,xīn wén,news,2-23
便利店,biàn lì diàn,convenience store,2-26
留学,liú xué,study abroad,3-5
留学生,liú xué shēng,international student,3-18
学生,xué sheng,student,1-3
数学,shù xué,math,1-4
中学生,zhōng xué shēng,middle school student,1-5
学校,xué xiào,school,2-11
小学,xiǎo xué,elementary school,2-13
中学,zhōng xué,middle school,2-13
学,xué,learn,2-14
心理学,xīn lǐ xué,psychology,3-3
化学,huà xué,chemistry,3-5
医生,yī shēng,doctor,1-3
生活,shēng huó,live/living,2-13
先生,xiān sheng,Mr./Sir,2-18
生气,shēng qì,angry,2-30
生菜,shēng cài,lettuce,3-2
生物,shēng wù,biology,3-3
研究生,yán jiū shēng,graduate studies,3-17
生,shēng,give birth,3-17
奖,jiǎng,award,3-6
德国,dé guó,Germany,3-5
研究,yán jiū,research,3-18
实习,shí xí,internship,3-10
实验室,shí yàn shì,laboratory,3-18
卧室,wò shì,bedroom,2-1
室友,shì yǒu,roommate,2-7
办公室,bàn gōng shì,office,2-18
信用卡,xìn yòng kǎ,credit card,2-25
相信,xiāng xìn,believe,3-8
推荐信,tuī jiàn xìn,letter of recommendation,3-18
讨论,tǎo lùn,discuss,2-27
应该,yīng gāi,should,2-9
该,gāi,should (informal),3-18
怎么样,zěn me yàng,how about that,2-24
怎么办,zěn me bàn,what should I do,2-27
怎么走,zěn me zǒu,how do I get to,2-28
怎么,zěn me,how/so,3-1
多久,duō jiǔ,how long,3-23
分享,fēn xiǎng,share,3-13
享受,xiǎng shòu,enjoy,3-17
什么,shén me,what,2-8
简单,jiǎn dān,simple,3-15
单身,dān shēn,single,3-17
兴奋,xīng fèn,excited,2-17
很高兴认识你,hěn gāo xìng rèn shi nǐ,nice to meet you,3-9
兴趣,xìng qù,interest,3-10
有兴趣,yǒu xìng qù,interested in,3-16
手表,shǒu biǎo,watch,2-25
表哥,biǎo gē,cousin [c],3-12
表妹,biǎo mèi,cousin (f),3-12
表姐,biǎo jiě,cousin (older f),3-12
音乐,yīn yuè,music,1-4
俱乐部,jù lè bù,club,2-5
可乐,kě lè,cola,2-6
快乐,kuài lè,happy/joyful,2-10
乐队,yuè duì,band,3-16
音乐节,yīn yuè jié,music festival,3-16
乐器,yuè qì,instrument,3-16
刚刚,gāng gang,just,2-19
刚才,gāng cái,just now,3-16
完美,wán měi,perfect,3-16
菜,cài,cuisine/dish,1-6
蔬菜,shū cài,vegetable,2-4
点菜,diǎn cài,order food,2-18
菜市场,cài shì chǎng,market,3-14
白菜,bái cài,cabbage,3-14
菜谱,cài pǔ,recipe,3-15
奶油,nǎi yóu,cream,3-13
油,yóu,oil,3-15
酱油,jiàng yóu,soy sauce,3-15
肉,ròu,meat,2-4
鸡肉,jī ròu,chicken,2-12
牛肉,niú ròu,beef,2-12
猪肉,zhū ròu,pork,3-15
胡萝卜,hú luó bo,carrot,3-14
胡椒粉,hú jiāo fěn,pepper,3-15
勺子,sháo zi,spoon,2-7
勺,sháo,spoonful,3-15
总是,zǒng shì,always,3-24
幽默,yōu mò,humorous,3-24
笑,xiào,laugh,3-24
短信,duǎn xìn,text message,3-24
因为,yīn wèi,because,3-24
外,wài,outer,2-26
外国人,wài guó rén,foreigner,3-24
美国,měi guó,America,1-2
中国,zhōng guó,China,1-2
韩国,hán guó,South Korea,1-2
英国,yīng guó,the UK,1-5
泰国,tài guó,Thailand,2-5
法国,fǎ guó,France,2-29
人们,rén men,people,2-2
人,rén,person,2-5
每个人,měi gè rén,everyone (individual),2-27
纽约,niǔ yuē,New York,2-15
约会,yuē huì,date/dating,3-24
听,tīng,to listen,2-8
好听,hǎo tīng,pleasant to listen to,2-12
听说,tīng shuō,heard,3-6
说,shuō,speak,1-3
小说,xiǎo shuō,novel,2-20
穿,chuān,wear (on body),2-18
记者,jì zhě,journalist,3-24
或者,huò zhě,or (as statement),3-3
作者,zuò zhě,author,3-13
认识,rèn shi,to meet,2-30
认真,rèn zhēn,serious,3-24
真的吗,zhēn de ma,really?,1-9
真,zhēn,really,2-11
你好,nǐ hǎo,hello,1-9
好玩儿,hǎo wán r,fun,2-2
好吃,hǎo chī,delicious (food),2-2
好的,hǎo de,"okay, all right",2-3
好看,hǎo kàn,beautiful/nice to watch,2-7
好喝,hǎo hē,delicious (drink),2-12
好啊,hǎo ā,sure,2-14
好,hǎo,good,2-14
好像,hǎo xiàng,seems to,2-19
好朋友,hǎo péng you,good friend,2-22
爱好,ài hào,hobby,2-22
最好,zuì hǎo,had better,2-28
好吗,hǎo ma,okay?,3-2
您好,nín hǎo,hello (formal),3-4
好吧,hǎo bā,alright then,3-7
好巧啊,hǎo qiǎo ā,What a coincidence,3-9
好用,hǎo yòng,easy to use,3-11
好久不见,hǎo jiǔ bu jiàn,long time no see,3-17
好奇,hào qí,curious,3-24
奇怪,qí guài,strange,3-13
爱情,ài qíng,romance,2-3
可爱,kě ài,adorable,2-6
爱,ài,love,3-24
离,lí,from (distance),2-28
离开,lí kāi,to leave,3-24
开心,kāi xīn,happy/excited,2-9
开始,kāi shǐ,start,2-17
开,kāi,open,3-9
开朗,kāi lǎng,cheerful,3-12
前男友,qián nán yǒu,ex-boyfriend,3-24
朋友,péng you,friend,2-6
老朋友,lǎo péng you,old friend,2-14
男朋友,nán péng you,boyfriend,2-22
女朋友,nǚ péng you,girlfriend,2-22
积分,jī fēn,point,3-4
分钟,fēn zhōng,minute,3-9
分手,fēn shǒu,break up,3-24
洗手间,xǐ shǒu jiān,bathroom,1-8
手,shǒu,hand,2-4
歌手,gē shǒu,singer,2-12
手套,shǒu tào,glove,2-16
吃,chī,to eat,1-6
难吃,nán chī,unpleasant,3-14
吃惊,chī jīng,neutral/bad surprise,3-24
中午,zhōng wǔ,noon,3-7
你,nǐ,you,1-3
你们,nǐ men,you all,1-10
你呢,nǐ ne,how about you,1-2
初中,chū zhōng,junior high school,3-12
市中心,shì zhōng xīn,downtown,2-28
我,wǒ,I / me,1-2
我们,wǒ men,we,1-9
我叫,wǒ jiào,to be called,1-9
高中,gāo zhōng,high school,3-9
运动,yùn dòng,exercise/sport,1-10
运动鞋,yùn dòng xié,sneaker,2-25
运动员,yùn dòng yuán,athlete,2-29
幸运,xìng yùn,lucky,3-5
酒店,jiǔ diàn,hotel,2-15
酒,jiǔ,alcohol,2-18
啤酒,pí jiǔ,beer,2-29
酒吧,jiǔ bā,bar,3-7
想法,xiǎng fǎ,thought,2-27
毛衣,máo yī,sweater,2-21
羽毛球,yǔ máo qiú,badminton,2-29
地图,dì tú,map,2-28
最,zuì,the most,2-20
最喜欢的,zuì xǐ huan de,favorite,3-16
地铁,dì tiě,subway,2-3
地,dì,floor (ground),2-6
地方,dì fang,place,2-7
地铁站,dì tiě zhàn,subway station,2-11
地址,dì zhǐ,address,3-1
地道,dì dào,authentic,3-5
地理,dì lǐ,geography,3-8
困,kùn,sleepy,2-24
鸡蛋,jī dàn,egg,2-24
卖,mài,sell,2-8
态度,tài du,attitude,3-4
质量,zhì liàng,quality,3-4
修,xiū,repair,3-4
饼干,bǐng gān,cookie,2-5
干净,gān jìng,clean,2-8
干,gàn,dry,3-2
面条,miàn tiáo,noodle,2-5
条,tiáo,[m] string-like things,2-10
篮球,lán qiú,basketball,1-10
排球,pái qiú,volleyball,1-10
网球,wǎng qiú,tennis,1-10
棒球,bàng qiú,baseball,2-5
足球,zú qiú,soccer,2-5
气球,qì qiú,balloon,2-10
乒乓球,pīng pāng qiú,ping pong,2-14
医院,yī yuàn,hospital,2-9
电影院,diàn yǐng yuàn,movie theater,3-7
院子,yuàn zi,yard,3-19
辣,là,spicy,2-2
辣椒,là jiāo,chili pepper,2-24
旁边,páng biān,beside,2-11
海边,hǎi biān,seaside,2-21
左边,zuǒ bian,left side,3-19
漂亮,piào liang,beautiful,2-1
亮,liàng,bright,2-12
电视,diàn shì,TV,2-1
电影,diàn yǐng,movie,2-3
电脑,diàn nǎo,computer,2-6
电话,diàn huà,make a phone call,2-14
电视剧,diàn shì jù,TV series,2-22
电梯,diàn tī,elevator,2-30
充电,chōng diàn,charge,3-4
电话卡,diàn huà kǎ,SIM card,3-23
没电,méi diàn,out of battery,3-23
练习,liàn xí,practice,2-5
复习,fù xí,review,2-14
习惯,xí guàn,habit,3-15
着急,zhāo jí,anxious/impatient,2-15
鞋,xié,shoe,2-16
高跟鞋,gāo gēn xié,high heel,3-3
沙拉,shā lā,salad,2-20
拉面,lā miàn,ramen,3-5
小提琴,xiǎo tí qín,violin,2-8
拉,lā,to pull/play,2-8
弹,tán,play (music),2-5
钢琴,gāng qín,piano,2-5
麻将,má jiàng,mahjong,2-22
室内,shì nèi,indoors,3-25
社区中心,shè qū zhōng xīn,community center,3-25
下棋,xià qí,play chess,3-25
太极,tài jí,Tai Chi,3-25
友好,yǒu hǎo,friendly,3-25
他们,tā men,they,2-8
们,men,(plural for people),3-25
上个,shàng ge,last (time),3-25
个,gè,[c] general objects,1-9
每个月,měi gè yuè,every month,3-25
每个,měi gè,every,3-25
今晚,jīn wǎn,tonight,2-18
昨晚,zuó wǎn,last night,2-27
晚点儿,wǎn diǎn r,a bit later,3-7
晚,wǎn,late,3-7
声音,shēng yīn,sound,3-16
全家,quán jiā,family,3-25
晚上好,wǎn shang hǎo,Good evening,3-25
音乐家,yīn yuè jiā,musician,3-25
空调,kōng tiáo,air conditioner,2-26
声调,shēng diào,tone,3-25
流利,liú lì,fluent,3-25
外地人,wài dì rén,outsider,3-25
小区,xiǎo qū,residential complex,2-26
担心,dān xīn,worry,3-7
下雪,xià xuě,snow,3-11
下山,xià shān,descend,3-11
太,tài,too,2-21
不太,bú tài,not too ..,3-13
味道,wèi dao,taste,3-5
不知道,bù zhī dao,not know,2-19
知道,zhī dào,know,3-7
道,dào,[c] dishes,3-15
梦想,mèng xiǎng,dream,3-5
风景,fēng jǐng,landscape,3-5
考,kǎo,test,2-14
考虑,kǎo lǜ,consider,3-5
考试,kǎo shì,exam,3-8
公司,gōng sī,company,2-18
寿司,shòu sī,sushi,3-5
玩,wán,play,2-4
玩具,wán jù,toy,2-6
裤子,kù zi,pants,2-16
高,gāo,tall,2-11
多高,duō gāo,how tall,2-30
高铁,gāo tiě,high-speed train,3-1
作业,zuò yè,homework,2-24
毕业典礼,bì yè diǎn lǐ,graduation ceremony,3-3
专业,zhuān yè,major,3-3
动物园,dòng wù yuán,zoo,2-2
博物馆,bó wù guǎn,museum,2-3
礼物,lǐ wù,gift,2-10
动物,dòng wù,animal,3-11
宠物,chǒng wù,pet,3-12
年级,nián jí,grade/school class,3-25
恭喜,gōng xǐ,congratulations,3-3
故事,gù shi,story,3-6
日历,rì lì,calendar,3-25
有事儿,yǒu shì r,busy / have some matter,2-14
每周,měi zhōu,every week,3-2
每天,měi tiān,every day,2-23
没事儿,méi shì r,no problem,3-8
没事吧,méi shì bā,alright,2-30
词典,cí diǎn,dictionary,2-19
零,líng,zero,2-13
护照,hù zhào,passport,2-15
厨房,chú fáng,kitchen,2-1
弟弟,dì di,younger brother,2-12
情节,qíng jié,plot,3-13
房子,fáng zi,house,2-1
房间,fáng jiān,room,2-1
春节,chūn jié,Spring Festival,3-12
熊猫,xióng māo,panda,3-1
猫,māo,cat,2-12
聪明,cōng ming,intelligent,2-12
进,jìn,enter,2-30
盘子,pán zi,plate,2-4
飞盘,fēi pán,frisbee,2-8
睡觉,shuì jiào,sleep,2-8
起飞,qǐ fēi,take off,2-15
吸尘器,xī chén qì,vacuum cleaner,2-7
重,chóng,heavy/strong,2-7
重要,zhòng yào,important,2-18
借,jiè,borrow,2-6
带,dài,bring,2-3
领带,lǐng dài,tie,2-10
皮带,pí dài,belt,2-16
火锅,huǒ guō,hot pot,2-2
公园,gōng yuán,park,1-10
校园,xiào yuán,campus,2-11
花园,huā yuán,garden,2-26
老师,lǎo shī,teacher,1-3
老公,lǎo gōng,husband,1-5
老婆,lǎo po,wife,1-5
老板,lǎo bǎn,boss,2-18
老,lǎo,old (honorable),2-26
简历,jiǎn lì,resume,3-26
长城,cháng chéng,Great Wall,2-2
长,zhǎng,long,2-16
擅长,shàn cháng,excel,3-10
春天,chūn tiān,spring,2-2
自己,zì jǐ,oneself,3-26
女士,nǚ shì,Madam,3-26
努力,nǔ lì,hardworking,3-26
工资,gōng zī,salary,3-26
挑战,tiǎo zhàn,challenge,3-26
希望,xī wàng,hope,3-26
巧克力,qiǎo kè lì,chocolate,2-6
经验,jīng yàn,experience (have the ..),3-26
还,hái,still/also/return/yet,2-7
还没有,hái méi yǒu,not yet,3-10
物理,wù lǐ,physics,3-26
不但,bú dàn,not only,3-26
上一,shàng yī,last (previous),3-26
回答,huí dá,answer,3-26
员工,yuán gōng,employee,3-26
工作,gōng zuò,job,2-13
内,nèi,within,3-26
结束,jié shù,to end,2-29
结局,jié jì,ending,3-6
结果,jiē guǒ,result,3-26
果汁,guǒ zhī,juice,2-3
苹果,píng guǒ,apple,2-12
果酱,guǒ jiàng,jam,3-14
非常,fēi cháng,extremely,1-10
严格,yán gé,strict,3-10
价格,jià gé,price,3-4
性格,xìng gé,personality,3-12
像,xiàng,look like,3-12
有货,yǒu huò,available,3-4
丢,diū,lose,2-19
脸,liǎn,face,2-15
已经,yǐ jīng,already,3-27
药店,yào diàn,pharmacy,2-9
店,diàn,store,3-27
不舒服,bù shū fu,uncomfortable,2-9
服务,fú wù,service,2-25
服务台,fú wù tái,information desk,3-27
区,qū,section/district,3-27
试衣间,shì yī jiān,fitting room,2-16
面试,miàn shì,interview,3-3
试穿,shì chuān,try on,3-27
粉丝,fěn sī,fan (of..),2-29
粉色,fěn sè,pink,3-27
女装,nǚ zhuāng,women's clothing,3-27
小组,xiǎo zǔ,group,2-27
快,kuài,Fast / about to,2-3
快餐,kuài cān,fast food,2-20
周末,zhōu mò,weekend,2-3
有空儿,yǒu kòng r,have free time,2-3
公交站,gōng jiāo zhàn,bus stop,2-15
交,jiāo,deliver / pay,2-27
交通,jiāo tōng,transportation,3-1
坐,zuò,Take / sit,2-3
逛街,guàng jiē,shopping,2-28
街,jiē,street,2-28
受伤,shòu shāng,injure,3-28
警察,jǐng chá,police,3-28
腿,tuǐ,leg,3-28
有人,yǒu rén,someone,3-28
摩托车,mó tuō chē,motorcycle,3-28
摔倒,shuāi dǎo,fall,3-28
受欢迎,shòu huān yíng,popular,3-2
创口贴,chuāng kǒu tiē,band-aid,3-28
还好,hái hǎo,still good,3-28
左,zuǒ,left,2-28
听到,tīng dào,to hear,3-28
迟到,chí dào,be late,3-7
救护车,jiù hù chē,ambulance,3-28
手术,shǒu shù,surgery,3-28
通知,tōng zhī,inform,3-28
座位,zuò wèi,seat,2-17
位,wèi,[c] polite for people,3-28
充电器,chōng diàn qì,charger,3-28
呢,ne,used to ask back,3-25
律师,lǜ shī,lawyer,1-3
课,kè,class,1-4
爸爸,bà ba,dad,1-5
常常,cháng cháng,frequently,1-6
不常,bù cháng,infrequently,1-6
非常感谢,fēi cháng gǎn xiè,Thank you very much,3-26
又,yòu,again (in the past),3-29
口罩,kǒu zhào,mask,3-29
咳嗽,ké sòu,cough,3-29
病,bìng, disease / to fall ill ,3-29
生病,shēng bìng,get sick,3-29
照顾,zhào gu,take care of,3-29
压力很大,yā lì hěn dà,under stressed,3-29
所有,suǒ yǒu,all / every,3-6
所以,suǒ yǐ,therefore/so,3-29
可以,kě yǐ,can (permission),2-6
晚点,wǎn diǎn,delay,3-29
有点儿,yǒu diǎn r,a little,2-16
点,diǎn,a bit / order / point,2-18
早点儿,zǎo diǎn ér,earlier,2-24
甜点,tián diǎn,dessert,3-13
闹钟,nào zhōng,alarm clock,3-29
感冒,gǎn mào,catch a cold,3-29
口,kǒu,[c] for people,2-22
没胃口,méi wèi kǒu,have no appetite,3-29
在,zài,is/at,1-8
现在,xiàn zài,now,2-4
在家办公,zài jiā bàn gōng,work from home,3-29
公里,gōng lǐ,kilometer,3-11
方便,fāng biàn,convenient,2-23
方便面,fāng biàn miàn,instant noodles,3-29
便宜,pián yi,cheap,2-16
过敏,guò mǐn,have an allergic reaction,3-29
地下,dì xià,underground,3-27
下次吧,xià cì bā,next time!,3-29
吧,ba,indicating suggestions,2-3
心情,xīn qíng,mood,3-29
脏,zāng,dirty,2-7
邻居,lín jū,neighbor,2-7
找,zhǎo,search / look for,2-7
那,nà,that,2-7
那些,nà xiē,those,2-7
那里,nà li,there,2-15
椅子,yǐ zi,chair,2-7
衣服,yī fu,clothes,2-7
连衣裙,lián yī qún,dress,2-16
雨衣,yǔ yī,raincoat,2-21
衣柜,yī guì,wardrobe,2-26
都,dōu,all / everyone,1-9
拖把,tuō bǎ,mop,2-7
把,bǎ,introducing objects,3-19
儿子,ér zi,son,1-5
桌子,zhuō zi,table,2-1
饺子,jiǎo zi,dumpling,2-3
杯子,bēi zi,cup,2-4
兔子,tù zi,rabbit,2-6
帽子,mào zi,hat,2-7
筷子,kuài zi,chopsticks,2-7
肚子,dù zi,abdomen,2-9
袜子,wà zi,sock,2-16
牌子,pái zi,brand,2-16
镜子,jìng zi,mirror,2-26
句子,jù zi,sentence,3-8
例子,lì zi,example,3-8
靴子,xuē zi,boot,3-11
橙子,chéng zi,orange,3-14
孩子,hái zi,child,3-17
箱子,xiāng zi,box,3-19
看,kàn,to read / watch / look at,1-6
看见,kàn jiàn,see/catch sight...,2-30
舒服,shū fu,comfortable,2-1
扫,sǎo,sweep,2-6
克,kè,gram,3-15
想,xiǎng,want,2-6
可怕,kě pà,scary,3-11
狗,gǒu,dog,2-6
姐姐,jiě jie,sister (older),2-6
小姐,xiǎo jiě,Miss,2-19
商场,shāng chǎng,mall,2-6
操场,cāo chǎng,playground,2-11
广场,guǎng chǎng,square,3-9
哥哥,gē ge,brother,2-6
好好休息,hǎo hǎo xiū xi,get some good rest,3-28
冰,bīng,ice,1-7
冰箱,bīng xiāng,refrigerator,2-1
冰淇淋,bīng qí lín,ice cream,2-4
对不对,duì bu duì,right?,1-3
不,bù,no / negative,1-7
对不起,duì bu qǐ,sorry,3-9
去,qù,to go,1-6
女儿,nǚ ér,daughter,1-5
女孩儿,nǚ hái r,girl,2-8
画儿,huà r,painting,2-26
对,duì,correct,1-3
派对,pài duì,party,2-10
对面,duì miàn,across from,2-15
妹妹,mèi mei,younger sister,2-8
早,zǎo,early (in time),3-7
帮助,bāng zhù,to help,2-8
帮,bāng,help,2-24
忙,máng,busy,2-8
睡,shuì,sleep (short form),2-8
需要,xū yào,need,2-8
喂,wéi,hello (on the phone),2-8
怎么写,zěn me xiě,how to write,3-25
起床,qǐ chuáng,get up,2-23
吉他,jí tā,guitar,2-5
歌,gē,song,2-5
唱歌,chàng gē,sing a song,2-5
唱,chàng,sing,2-5
教练,jiào liàn,coach,3-2
航班,háng bān,flight,3-1
牙,yá,tooth,2-23
面包,miàn bāo,bread,2-5
里面,lǐ miàn,inside,2-11
喜欢,xǐ huan,like,1-4
喜剧,xǐ jù,comedy,2-5
惊喜,jīng xǐ,positive surprise,2-10
欢迎,huān yíng,welcome,2-18
欢迎光临,huān yíng guāng lín,welcome to visit,3-2
他,tā,he,1-4
她,tā,she,1-4
妈妈,mā ma,mother,1-5
公寓,gōng yù,apartment,2-1
也,yě,also,1-5
也许,yě xǔ,may,3-10
超市,chāo shì,supermarket,1-6
城市,chéng shì,city,2-17
体育馆,tǐ yù guǎn,gymnasium,2-11
买,mǎi,to buy,1-6
零食,líng shí,snack,1-6
食堂,shí táng,cafeteria,2-11
要,yào,want to,1-7
牛奶,niú nǎi,milk,1-7
奶奶,nǎi nai,grandmother (fathers),2-10
酸奶,suān nǎi,yogurt,3-2
两,liǎng,two,1-7
绿色,lǜ sè,green,2-19
天气,tiān qì,weather,2-14
里,lǐ,inside (short term),2-26
钱包,qián bāo,wallet,1-8
钱,qián,money,2-30
块钱,kuài qián,dollar,3-15
包,bāo,bag,2-25
背包,bēi bāo,backpack,3-11
汉堡包,hàn bǎo bāo,hamburger,3-16
洗,xǐ,wash,2-4
衣帽间,yī mào jiān,cloakroom,3-30
有时间,yǒu shí jiān,have time,3-30
网站,wǎng zhàn,website,2-25
站,zhàn,stand,3-9
哎呀,āi yā,oh no (surprise),1-8
票,piào,ticket,2-17
售票处,shòu piào chù,ticket office,2-17
小票,xiǎo piào,receipt,3-1
先,xiān,first,2-4
红色,hóng sè,red,2-19
小心,xiǎo xīn,be careful,2-4
放,fàng,add/put,2-4
放松,fàng sōng,to relax,3-13
爷爷,yé ye,grandfather (fathers),2-4
多,duō,many/much,2-4
很多,hěn duō,a lot of,2-13
用,yòng,use,2-4
有用,yǒu yòng,useful,2-27
碗,wǎn,bowl,2-4
走,zǒu,walk / leave,2-28
取钱,qǔ qián ,withdraw,3-30
柜台,guì tái ,counter,3-30
先别,xiān bié ,not yet ,3-30
预约,yù yuē ,appointment,3-30
邮局,yóu jú ,post office,3-30
信,xìn ,letter,3-30
胶带,jiāo dài ,sticky tape,3-30
称,chēng ,weigh,3-30
复印,fù yìn ,photo copy,3-30
封,fēng ,[c] letters,3-30
信封,xìn fēng ,envelope,3-30
邮编,yóu biān ,postal code,3-30
工作人员,gōng zuò rén yuán ,staff,3-30
邮票,yóu piào ,stamp,3-30
过来,guò lái ,come over,3-30
快递,kuài dì ,courier,3-30
卫生纸,wèi shēng zhǐ,toilet paper,3-30
取,qǔ ,fetch,3-30
洗衣液,xǐ yī yè ,laundry detergent,3-30
袋,dài ,"bag, sack",3-30
有,yǒu,have,1-9
有趣,yǒu qù,interesting,2-5
没有,méi yǒu,don’t have,2-12
有风,yǒu fēng,windy,2-21
有雨,yǒu yǔ,having rain,2-21
明天,míng tiān,tomorrow,2-10
明天见,míng tiān jiàn,see you tomorrow,2-27
今天,jīn tiān,today,1-9
夏天,xià tiān,summer,2-2
冬天,dōng tiān,winter,2-2
秋天,qiū tiān,autumn,2-2
昨天,zuó tiān,yesterday,2-9
聊天,liáo tiān,chat,2-20
天呐,tiān nà,oh my,2-20
晴天,qíng tiān,sunny day,2-21
吗,ma,?,1-5
活动,huó dòng,activity/event,2-11
动,dòng,move (general),3-28
跑步,pǎo bù,run,1-10
跑,pǎo,run (short form),1-10
网,wǎng,internet,2-25
无线网,wú xiàn wǎng,Wi-Fi,3-23
比较,bǐ jiào,relatively,1-10
比赛,bǐ sài,match,2-29
身体,shēn tǐ,body,3-2
只,zhǐ,only/[c] animals,2-1
小,xiǎo,small/young,2-1
讲,jiǎng,tell (speech),3-6
小偷,xiǎo tōu,thief,2-30
小时,xiǎo shí,hour,3-23
床,chuáng,bed,2-1
旧,jiù,old (objects),2-1
乱,luàn,messy,2-1
餐桌,cān zhuō,dining table,3-19
当,dāng,become,3-17
眼镜,yǎn jìng,glasses,3-9
颜色,yán sè,color,2-26
眼睛,yǎn jing,eye,3-2
冷,lěng,cold,2-2
特别,tè bié,especially,2-2
特价,tè jià,on special offer,3-14
别,bié,don't,2-4
别着急,bié zhāo jí,don't worry,2-15
故宫,gù gōng,Forbidden City,2-2
远,yuǎn,far,2-2
贵,guì,expensive,2-2
适合,shì hé,suit,3-2
作品,zuò pǐn,work,3-6
到,dào,reach,2-15
搬到,bān dào,move to..,3-3
一月,yī yuè,January,3-17
十一月,shí yí yuè,November,3-20
蛋糕,dàn gāo,cake,2-3
糟糕,zāo gāo,oh no (smt bad),3-7
做,zuò,do/make,2-3
喝,hē,to drink,2-3
跟,gēn,with,2-9
头,tóu,head,2-9
疼,téng,painful,2-9
药,yào,medicine,2-9
下午,xià wǔ,afternoon,2-9
下,xià,next/lower,2-10
下雨,xià yǔ,rain,3-3
下,xià,[c] brief action,3-6
束,shù,bouquet,2-9
煮,zhǔ,boil,2-9
体温,tǐ wēn,temperature,2-9
厉害,lì hai,impressive,2-22
害怕,hài pà,to be afraid,2-30
害羞,hài xiū,shy,3-12
农村,nóng cūn,countryside,2-22
了,le,completed action marker,2-9
饮料,yǐn liào,drink,2-10
塑料袋,sù liào dài,plastic bag,3-14
种,zhǒng,type,2-5
鱼,yú,fish,2-10
钓鱼,diào yú,to fish,2-14
围巾,wéi jīn,a scarf,2-10
参观,cān guān,visit,2-11
宿舍,sù shè,dormitory,2-11
通过,tōng guò,pass,3-8
密码,mì mǎ,password,3-1
付,fù,pay,3-1
T恤,xù,T-shirt,3-1
折,zhé,discount,2-25
骨折,gǔ zhé,break,3-28
危险,wēi xiǎn,dangerous,2-20
蜘蛛,zhī zhū,spider,2-20
选,xuǎn,choose,2-27
帅,shuài,handsome,3-6
介绍,jiè shào,introduce,3-6
词,cí,word,3-8
树,shù,tree,3-11
紧张,jǐn zhāng,nervous,2-14
紧,jǐn,tight,2-16
爬山,pá shān,hiking,2-14
山,shān,mountain,3-5
山顶,shān dǐng,summit,3-11
纪念品,jì niàn pǐn,souvenir,2-17
无聊,wú liáo,boring,2-20
容易,róng yì,easy,2-20
戴,dài,"wear (on hands, head etc)",2-21
钥匙,yào shi,key,2-23
百,bǎi,hundred,2-25
块,kuài,chunk/[c] money,2-25
慢,màn,slow,2-25
退,tuì,withdraw/retreat,2-25
退款,tuì kuǎn,refund,3-4
计划,jì huà,general plan,2-17
难,nán,difficult,2-17
难过,nán guò,sad,3-8
等,děng,wait,2-17
等于,děng yú,equal,3-4
稍等,shāo děng,hold on,3-30
产品,chǎn pǐn,product,3-2
化妆品,huà zhuāng,cosmetics,3-27
关,guān,close,2-21
骑,qí,ride,2-23
的时候,de shí hou,when.....,2-2
漫画,màn huà,comic,2-23
浪漫,làng màn,romantic,3-9
能,néng,can (ability),3-4
尺寸,chǐ cun,size,3-4
抱歉,bào qiàn,apologize,3-4
终于,zhōng yú,finally/at last,3-16
度,dù,degree (temperature),3-29
您,nín,you (formal),3-2
教,jiào,teach,3-5
教授,jiào shòu,professor,3-10
甜,tián,sweet,3-2
接,jiē,pick up,2-24
见,jiàn,see/meet,2-14
再见,zài jiàn,goodbye,3-19
苦,kǔ,bitter,3-13
更,gèng,more,3-13
环境,huán jìng,environment,3-13
画展,huà zhǎn,art exhibition,3-13
节,jié,[c] for sessions,1-9
海滩,hǎi tān,beach,3-5
很,hěn,very,2-1
香港,xiāng gǎng,Hong Kong,2-13
香蕉,xiāng jiāo,banana,3-14
岁,suì,years old,2-13
张,zhāng,[c] for flat objects,3-1
伦敦,lún dūn,London,3-5
切,qiē,cut,3-15
半,bàn,half,3-15
炒,chǎo,stir-fry,3-15
咸,xián,salty,3-15
饱,bǎo,full,3-15
垃圾桶,lā jī tǒng,trash can,3-16
才,cái,just/only,3-7
鼓掌,gǔ zhǎng,applaud,3-16
哭,kū,cry,3-16
双,shuāng,pair,2-16
硬,yìng,hard,2-16
厚,hòu,thick,2-16
白色,bái sè,white,2-16
黑色,hēi sè,black,2-16
蓝色,lán sè,blue,2-19
灰色,huī sè,gray,2-30
黄色,huáng sè,yellow,3-9
棕色,zōng sè,brown,3-12
黑板,hēi bǎn,blackboard,3-8
皮肤,pí fū,skin,3-2
饿,è,hungry,2-16
渴,kě,thirsty,2-16
善良,shàn liáng,kind,3-6
再,zài,again (in the future),3-6
着,zhe,indicating ongoing action,3-9
过,guò,indicating past experience,3-5
建议,jiàn yì,suggestion,3-5
结账,jié zhàng,settle the bill,3-27
巴黎,bā lí,Paris,2-29
凌晨,líng chén,early morning,2-29
精彩,jīng cǎi,excellent,2-29
庆祝,qìng zhù,celebrate,2-29
衬衫,chèn shān,shirt/blouse,2-18
层,céng,floor (level),2-18
谁,shéi,who,2-18
清楚,qīng chu,clear,3-8
页,yè,page,3-8
从,cóng,from (origin),3-10
瓶,píng,bottle of,3-15
草莓,cǎo méi,strawberry,3-14
脆,cuì,crisp,3-14
洋葱,yáng cōng,onion,3-14
雨伞,yǔ sǎn,umbrella,2-19
汉字,hàn zì,Chinese characters,2-20
叫,jiào,call,2-19
四川,sì chuān,Sichuan,2-20
写,xiě,write,2-20
怕,pà,afraid,2-20
给,gěi,give,2-27
推荐,tuī jiàn,recommend,2-28
千,qiān,thousand,2-28
右,yòu,right,2-28
让,ràng,let/make,4-1
负责,fù zé,take responsibility for,4-1
亲戚,qīn qi,relative,4-1
要求,yāo qiú,requirement,4-1
批评,pī píng,criticize,4-1
瑜伽,yú jiā,yoga,4-1
其实,qí shí,actually,4-1
遇到,yù dào,encounter,4-1
家庭聚会,jiā tíng jù huì,family gathering,4-1
组长,zǔ zhǎng,team leader,4-1
心烦,xīn fán,upset,4-1
表格,biǎo gé,form,4-1
合作,hé zuò,collaborate,4-1
轻松,qīng sōng,being relaxed,4-1
冥想,míng xiǎng,meditation,4-1
有帮助,yǒu bāng zhù,helpful,4-1
改天,gǎi tiān,another day,4-1
那么,nà me,so,4-1
试,shì,try (casual),4-1
记性,jì xing,memory,4-2
变化,biàn huà,change,4-2
胖,pàng,fat,4-2
有耐心,yǒu nài xīn,patient,4-2
追求,zhuī qiú,pursue,4-2
保持,bǎo chí,maintain,4-2
同学聚会,tóng xué jù huì,class reunion,4-2
前年,qián nián,the year before last,4-2
那年,nà nián,that year,4-2
生意,shēng yi,business,4-2
院长,yuàn zhǎng,dean,4-2
完全,wán quán,completely,4-2
体育,tǐ yù,physical education,4-2
讲座,jiǎng zuò,lecture,4-2
开玩笑,kāi wán xiào,joke,4-2
下次见,xià cì jiàn,See you next time,4-2
正常,zhèng cháng,normal,4-3
工厂,gōng chǎng,factory,4-3
本来,běn lái,originally,4-3
笔记本电脑,bǐ jì běn diàn nǎo,laptop,4-3
电,diàn,electricity,4-3
电池,diàn chí,battery,4-3
充电宝,chōng diàn bǎo,power bank,4-3
肯定,kěn dìng,definitely,4-3
突然,tū rán,suddenly,4-3
地铁卡,dì tiě kǎ,metro card,4-3
不见了,bú jiàn le,disappear,4-3
错过,cuò guò,miss,4-3
视频会议,shì pín huì yì,video conference,4-3
最后,zuì hòu,finally/last,4-3
只好,zhǐ hǎo,have to,4-3
别人,bié ren,other people,4-3
锻炼,duàn liàn,exercise,4-4
高兴,gāo xìng,happy,4-4
看起来,kàn qi lai,looks like..,4-4
说实话,shuō shí huà,to be honest,4-4
郊外,jiāo wài,suburb,4-4
方法,fāng fǎ,method,4-4
空气,kōng qì,air,4-4
大自然,dà zì rán,nature,4-4
刺激,cì jī,exciting,4-4
美甲,měi jiǎ,manicure,4-4
感动,gǎn dòng,touched,4-4
关心,guān xīn,care/caring,4-4
安排,ān pái,organize,4-4
偶尔,ǒu ěr,occasionally,4-5
农历,nóng lì,lunar calendar,4-5
中秋节,zhōng qiū jié,Mid-Autumn Festival,4-5
月亮,yuè liang,moon,4-5
月饼,yuè bǐng,mooncake,4-5
蛋黄,dàn huáng,egg yolk,4-5
北方,běi fāng,the north,4-5
南方,nán fāng,south,4-5
每年,měi nián,every year,4-5
楼顶,lóu dǐng,rooftop,4-5
粽子,zòng zi,rice dumpling,4-5
端午节,duān wǔ jié,Dragon Boat Festival,4-5
放烟花,fàng yān huā,set off fireworks,4-5
节日,jié rì,festival,4-5
大餐,dà cān,feast,4-5
打视频,dá shì pín,video call,4-5
戒指,jiè zhi,ring,4-6
看中,kàn zhòng,take a liking,4-6
难看,nán kàn,ugly,4-6
手链,shǒu liàn,bracelet,4-6
划算,huá suàn,cost-effective,4-6
刚好,gāng hǎo,just right,4-6
银,yín,silver,4-6
短,duǎn,short,4-6
短裤,duǎn kù,shorts,4-6
皮鞋,pí xié,leather shoes,4-6
梳子,shū zi,comb,4-6
香水,xiāng shuǐ,perfume,4-6
墨镜,mò jìng,sunglasses,4-6
把,bǎ,（m)  smt with handle,4-6
三明治,sān míng zhì,sandwich,4-7
厨师,chú shī,chef,4-7
好评,hǎo píng,positive review,4-7
多远,duō yuǎn,how far,4-7
菜单,cài dān,menu,4-7
顾客,gù kè,customer,4-7
咖喱,gā lí,curry,4-7
牛排,niú pái,steak,4-7
蜂蜜,fēng mì,honey,4-7
闻起来,wén qǐ lai,smells like,4-7
香草,xiāng cǎo,vanilla,4-7
服务员,fú wù yuán,waiter,4-7
差评,chà píng,negative review,4-7
体验,tǐ yàn,experience,4-7
懂,dǒng,comprehend/grasp,4-8
数据,shù jù,data (raw),4-8
整个,zhěng gè,entire,4-8
方案,fāng àn,detailed plan,4-8
合理,hé lǐ,reasonable,4-8
合同,hé tong,contract,4-8
确定,què dìng,confirm,4-8
准确,zhǔn què,accurate,4-8
进度,jìn dù,progress,4-8
资料,zī liào,materials/documents,4-8
收集,shōu jí,collect,4-8
部分,bù fen,part,4-8
内容,nèi róng,content,4-8
复杂,fù zá,complex,4-8
细节,xì jié,detail,4-8
刀,dāo,knife,4-9
醋,cù,vinegar,4-9
宫保鸡丁,gōng bǎo jī dīng,Kung Pao chicken,4-9
调料,tiáo liào,seasoning,4-9
清单,qīng dān,list,4-9
加热,jiā rè,heat,4-9
餐厅,cān tīng,formal restaurant,4-9
哪儿,nǎ r,where,4-9
烟,yān,smoke,4-9
花生,huā shēng,peanut,4-9
美元,měi yuán,US dollar,4-10
公布,gōng bù,announce,4-10
外向,wài xiàng,outgoing,4-10
学院,xué yuàn,college,4-10
交换,jiāo huàn,exchange,4-10
意大利,yì dà lì,Italy,4-10
大部分,dà bù fen,most,4-10
赶快,gǎn kuài,quickly,4-10
收到,shōu dào,receive,4-10
房东,fáng dōng,landlord,4-10
期末,qī mò,end of term,4-10
当地,dāng dì,local,4-10
了解,liǎo jiě,know/be familiar,4-10
一个人,yí gè rén,alone,4-10
自信,zì xìn,confident,4-10
抓,zhuā,apprehend,4-11
虫子,chóng zi,insect,4-11
猴子,hóu zi,monkey,4-11
难忘,nán wàng,unforgettable,4-11
再也不,zài yě bù,no longer,4-11
男人,nán rén,man,4-11
女人,nǚ rén,woman,4-11
平板电脑,píng bǎn diàn nǎo,tablet computer,4-11
耳环,ěr huán,earring,4-11
救,jiù,save,4-11
车祸,chē huò,car accident,4-11
导游,dǎo yóu,tour guide,4-11
手指,shǒu zhǐ,finger,4-11
吵架,chǎo jià,argue,4-2
尴尬,gān gà,awkward,4-2
咱们,zán men,we/us (casual),4-2
拒绝,jù jué,refuse,4-2
组织,zǔ zhī,to organize ,4-2
传统,chuán tǒng,traditional,4-5
没想到,méi xiǎng dào,unexpected,4-6
软,ruǎn,soft,4-6
薄,báo,thin,4-6
极,jí,extremely/top,4-6
金,jīn,gold,4-6
松,sōng,loose,4-6
冲浪,chōng làng,surfing,4-4
敢,gǎn,dare,4-6
跳伞,tiào sǎn,skydiving,4-4
按摩,àn mó,massage,4-4
泡温泉,pào wēn quán,hot springs,4-4
解压,jiě yā,relieve stress,4-4
尝试,cháng shì,try (more formal),4-4
散步,sàn bù,take a walk,4-4
唉,ài,sigh/oh well,4-4
刷,shuā,brush,0-0
啊,a,"oh (surprise, realization)",4-7
顿,dùn,meal,4-7
越来越,yuè lái yuè,more and more,4-7
翻译,fān yì,"to translate, translator",
背,bēi,to carry on back/shoulder,3-11
蛇,shé,snake,
跳舞,tiào wǔ,dancing,
送,sòng,to send/deliver,
遛狗,liù gǒu,walk a dog,
队,duì,team,3-16
偷,tōu,to steel,
打车,dǎ chē,take a taxi,
姜,jiāng,ginger,4-9
锅,guō,pot,4-9
步,bù,step,4-9
微波炉,wēi bō lú,microwave,4-9
搅拌,jiǎo bàn,mix/stir,4-9
倒,dào,to pour,4-9
葱,yáng cōng,scallion / green onion ,4-9
烫,tàng,to blanch,4-9
关紧,guān jǐn,to close firmly/to lock,4-9
递给,dì gěi,to hand it,4-9
交,jiāo,make ???,4-10
开学,kāi xué,school starts,4-10
事,shì,thing/matter,4-11
别提了,bié tí le,don’t mention it,4-11
骂,mà,scold,4-11
被,bèi,being,4-11
被拒绝,bèi jù jué,refected,4-11
插队,chā duì,cutting in line,4-11
辆,liàng,[c] vehicles,4-11
撞,zhuàng,collide,4-11
咬,yǎo,bite,4-11
明白,míng bái,realize/be clear,4-11
